{
    "faces":[33,26,28,29,27,0,1,2,3,32,17,29,28,4,2,1,32,28,12,11,1,5,6,32,28,11,17,1,6,4,32,50,29,51,7,2,8,32,51,29,52,8,2,9,32,52,29,53,9,2,10,32,9,25,55,11,12,13,32,55,13,45,13,14,15,32,55,45,9,13,15,11,32,53,19,20,10,16,17,32,20,49,48,17,18,19,32,48,21,50,19,20,7,32,50,51,52,7,8,9,32,52,53,20,9,10,17,32,20,48,50,17,19,7,32,20,50,52,17,7,9,32,31,22,32,21,22,23,33,22,31,30,39,22,21,24,25,33,15,22,39,8,26,22,25,27,33,40,6,5,41,28,29,30,31,32,42,41,5,32,31,30,32,5,4,23,30,33,34,32,5,23,42,30,34,32,33,37,54,23,4,35,36,34,33,32,36,54,37,37,36,35,33,35,24,54,36,38,39,36,37,33,43,24,25,44,40,39,12,41,32,3,24,35,42,39,38,32,27,25,24,3,12,39,32,24,3,34,39,42,43,32,34,26,27,43,0,3,32,24,34,27,39,43,3,32,44,25,9,41,12,11,32,13,55,21,14,13,20,32,21,48,14,20,19,44,32,21,14,13,20,44,14,32,2,26,34,45,0,43,32,25,27,55,12,3,13,32,38,0,30,46,47,24,32,30,31,32,24,21,23,32,32,7,56,23,48,49,32,56,1,33,49,50,51,32,3,35,36,42,38,37,32,56,33,2,49,51,45,32,34,3,36,43,42,37,32,32,56,2,23,49,45,32,2,34,36,45,43,37,32,36,37,4,37,35,33,32,4,5,6,33,30,29,32,6,38,30,29,46,24,32,30,32,2,24,23,45,32,2,36,4,45,37,33,32,4,6,30,33,29,24,32,30,2,4,24,45,33,32,33,26,2,51,0,45,32,55,27,29,13,3,2,32,29,50,21,2,7,20,32,29,21,55,2,20,13,33,1,28,26,33,50,1,0,51,32,53,29,17,10,2,4,32,17,47,18,4,52,53,32,18,19,53,53,16,10,32,17,18,53,4,53,10,32,12,28,46,5,1,54,32,56,7,46,49,48,54,32,9,45,8,11,15,27,32,8,39,30,27,25,24,32,30,0,38,24,47,46,32,38,40,41,46,28,31,32,41,42,43,31,32,40,32,43,44,9,40,41,11,32,9,8,30,11,27,24,32,30,38,41,24,46,31,32,41,43,9,31,40,11,32,30,41,9,24,31,11,32,12,46,7,5,54,48,32,7,10,16,48,55,56,32,16,11,12,56,6,5,32,7,16,12,48,56,5,32,15,8,45,26,27,15,32,45,13,14,15,14,44,32,14,49,15,44,18,26,32,45,14,15,15,44,26,32,17,11,16,4,6,56,32,16,20,47,56,17,52,32,16,47,17,56,52,4,32,48,49,14,19,18,44,32,47,20,18,52,17,53,32,18,20,19,53,17,16,33,32,22,10,7,23,22,55,48,32,10,22,16,55,22,56,32,20,16,22,17,56,22,32,22,15,49,22,26,18,32,22,49,20,22,18,17,32,38,6,40,46,29,28,33,42,23,54,43,32,34,36,40,32,43,54,24,40,36,39,33,28,1,56,46,1,50,49,54],
    "vertices":[0.826684,0.398335,-0.533861,0.706339,0.385297,-0.619758,0.776044,0.379842,-0.530124,0.856973,0.35711,-0.423909,0.919406,0.36697,-0.366421,0.913855,0.369858,-0.398542,0.894991,0.378154,-0.435634,0.691207,0.398496,-0.671861,0.782292,0.310143,-0.632459,0.861485,0.252529,-0.52586,0.702958,0.38219,-0.685741,0.687645,0.33275,-0.686217,0.683141,0.364555,-0.662971,0.81762,0.204562,-0.61168,0.78942,0.19672,-0.66037,0.750901,0.308228,-0.674165,0.702895,0.344801,-0.694741,0.698612,0.274136,-0.691979,0.703611,0.245781,-0.713824,0.70621,0.240265,-0.710429,0.711837,0.26022,-0.710319,0.778954,0.189477,-0.64705,0.725422,0.376424,-0.67175,0.920651,0.352982,-0.372906,0.883243,0.327497,-0.416862,0.852318,0.257764,-0.516523,0.766999,0.356372,-0.556125,0.792488,0.261101,-0.582404,0.705628,0.353527,-0.636234,0.723202,0.247095,-0.669547,0.779569,0.398447,-0.598197,0.737496,0.400553,-0.647495,0.713661,0.400383,-0.668832,0.749603,0.382553,-0.563815,0.802792,0.373281,-0.49429,0.8808,0.353204,-0.390138,0.900712,0.360139,-0.362066,0.911351,0.36356,-0.356597,0.871896,0.385665,-0.471906,0.765267,0.370356,-0.629792,0.895839,0.372335,-0.440214,0.915065,0.357582,-0.410881,0.919919,0.341323,-0.397665,0.90443,0.322143,-0.413542,0.881276,0.274349,-0.481302,0.826889,0.247077,-0.588752,0.683406,0.385121,-0.659382,0.701207,0.254142,-0.709421,0.778236,0.192472,-0.670366,0.757231,0.232354,-0.688457,0.739169,0.208264,-0.672442,0.72287,0.219313,-0.683336,0.71602,0.225613,-0.688417,0.711761,0.231129,-0.694413,0.907367,0.347355,-0.375313,0.814963,0.213769,-0.58906,0.685752,0.396366,-0.653869],
    "normals":[-0.744072,-0.349803,0.56917,-0.792413,-0.272896,0.545457,-0.769372,-0.32664,0.548936,-0.705283,-0.388012,0.59328,-0.981903,-0.182653,-0.049654,-0.997833,-0.044343,0.048463,-0.96939,-0.079287,-0.232246,-0.535508,-0.837611,-0.1077,-0.5768,-0.81106,-0.097324,-0.696341,-0.705893,-0.129521,-0.716056,-0.667135,-0.205298,0.889553,-0.376049,-0.259224,-0.298166,-0.782006,0.547288,0.073397,-0.888943,0.452071,0.758476,-0.594165,-0.267708,0.899899,-0.099582,-0.424512,-0.580096,-0.724509,-0.372173,-0.036317,-0.018647,-0.999146,0.489883,-0.206275,-0.847011,0.392193,-0.547746,-0.738975,-0.210303,-0.949828,0.231422,0.327128,0.90698,-0.265206,0.594684,0.319346,-0.737785,0.178533,0.905148,-0.385723,0.44612,0.870632,-0.20716,0.771233,0.242073,-0.588702,0.666005,0.220679,-0.712546,0.802362,0.190374,-0.5656,0.838832,0.298349,-0.455306,0.392041,0.918393,-0.053285,0.55736,0.828883,0.047456,0.896603,0.245552,-0.36845,0.948241,-0.317484,0.004608,0.549913,0.52092,0.652821,0.862758,-0.375683,0.338328,0.001434,0.1395,0.990204,0.013764,-0.796838,0.603992,-0.478744,0.130589,0.86816,-0.702078,0.115513,0.702628,-0.522172,-0.637593,0.566363,0.58565,-0.791711,0.173711,0.671834,-0.733268,0.104312,-0.738517,0.305673,0.60094,-0.714988,0.361034,0.598682,0.747612,-0.528581,-0.402051,-0.713095,0.406079,0.571429,0.4626,0.868435,-0.178228,0.458388,0.870937,-0.176855,-0.531053,0.729148,-0.431593,-0.80163,0.515946,0.301859,-0.731681,0.373913,0.569872,-0.696921,0.401624,0.594073,-0.940001,-0.021485,-0.340434,-0.498428,-0.386181,-0.776147,-0.998352,0.053377,-0.020966,-0.103397,0.369457,-0.92346,-0.158605,0.219153,-0.962706],
    "uvs":[],
    "metadata":{
        "faces":99,
        "type":"Geometry",
        "normals":57,
        "uvs":0,
        "vertices":57,
        "generator":"io_three",
        "version":3
    },
    "name":"Mesh.477Geometry"
}