{
    "vertices":[-0.044815,-0.022622,-0.022622,-0.044815,-0.022622,0.022622,-0.090058,-0.022622,0.022622,-0.090058,-0.022622,-0.022622,-0.044815,0.022622,-0.022622,-0.044815,0.022622,0.022622,-0.090058,0.022622,0.022622,-0.090058,0.022622,-0.022622],
    "uvs":[],
    "metadata":{
        "version":3,
        "vertices":8,
        "uvs":0,
        "generator":"io_three",
        "normals":8,
        "type":"Geometry",
        "faces":6
    },
    "normals":[0.577349,-0.577349,-0.577349,0.577349,-0.577349,0.577349,-0.577349,-0.577349,0.577349,-0.577349,-0.577349,-0.577349,0.577349,0.577349,-0.577349,-0.577349,0.577349,-0.577349,-0.577349,0.577349,0.577349,0.577349,0.577349,0.577349],
    "name":"CubeGeometry",
    "faces":[33,0,1,2,3,0,1,2,3,33,4,7,6,5,4,5,6,7,33,0,4,5,1,0,4,7,1,33,1,5,6,2,1,7,6,2,33,2,6,7,3,2,6,5,3,33,4,0,3,7,4,0,3,5]
}