{
    "faces":[40,0,1,7,0,1,2,0,1,2,40,0,7,6,0,2,3,0,2,3,40,1,2,8,1,4,5,1,4,4,40,8,7,1,5,2,1,4,2,1,40,12,3,9,6,7,8,5,6,7,40,9,13,14,8,9,6,7,8,8,40,3,4,10,7,10,11,6,9,10,40,10,9,3,11,8,7,10,7,6,40,4,5,11,10,12,13,9,11,12,40,11,10,4,13,11,10,12,10,9,40,5,0,6,12,0,3,11,0,3,40,6,11,5,3,13,12,3,12,11,40,15,16,17,14,15,16,13,13,13,40,18,19,20,16,17,18,13,14,13,40,21,22,23,14,16,18,13,13,13,40,24,25,26,19,14,18,13,13,13,40,27,28,29,17,16,15,15,15,15,40,30,31,32,15,14,19,15,16,15,40,33,34,35,17,15,19,16,15,15,40,36,37,38,18,17,19,16,15,15],
    "vertices":[0.290475,-0.02355,1.46973,0.289335,-0.02355,1.47243,0.287056,-0.02355,1.47243,0.285916,-0.02355,1.46973,0.287056,-0.02355,1.46704,0.289335,-0.02355,1.46704,0.288679,-0.081338,1.46973,0.288438,-0.081338,1.47031,0.287954,-0.081338,1.47031,0.287712,-0.081338,1.46973,0.287954,-0.081338,1.46916,0.288438,-0.081338,1.46916,0.287056,-0.02355,1.47243,0.287954,-0.081338,1.47031,0.287056,-0.02355,1.47243,0.287056,-0.02355,1.46704,0.285916,-0.02355,1.46973,0.287056,-0.02355,1.47243,0.287056,-0.02355,1.47243,0.289335,-0.02355,1.47243,0.290475,-0.02355,1.46973,0.287056,-0.02355,1.46704,0.287056,-0.02355,1.47243,0.290475,-0.02355,1.46973,0.289335,-0.02355,1.46704,0.287056,-0.02355,1.46704,0.290475,-0.02355,1.46973,0.288438,-0.081338,1.47031,0.287954,-0.081338,1.47031,0.287712,-0.081338,1.46973,0.287712,-0.081338,1.46973,0.287954,-0.081338,1.46916,0.288438,-0.081338,1.46916,0.288438,-0.081338,1.47031,0.287712,-0.081338,1.46973,0.288438,-0.081338,1.46916,0.288679,-0.081338,1.46973,0.288438,-0.081338,1.47031,0.288438,-0.081338,1.46916],
    "normals":[0.999512,-0.031037,0,0.549883,-0.039155,0.834284,0.554186,-0.039125,0.831446,0.999512,-0.031068,-6.1e-05,0,-0.036683,0.999298,-0.92056,-0.028596,0.389477,-0.999512,-0.031037,0,-0.999512,-0.031037,-0.000153,-0.920652,-0.028596,0.389325,-0.549883,-0.039186,-0.834315,-0.554125,-0.039125,-0.831507,0.549883,-0.039155,-0.834315,0.554125,-0.039125,-0.831507,0,1,0,0,0.999969,0,0,-1,0,0,-0.999969,0],
    "uvs":[[0.75,0,0.916667,0,0.916667,1,0.75,1,1.08333,0,1.08333,1,0.083333,0,0.25,0,0.25,1,0.083333,1,0.416667,0,0.416667,1,0.583333,0,0.583333,1,0.933013,0.25,0.5,0,0.066987,0.25,0.066987,0.75,0.5,1,0.933013,0.75]],
    "metadata":{
        "faces":20,
        "type":"Geometry",
        "normals":17,
        "uvs":1,
        "vertices":39,
        "generator":"io_three",
        "version":3
    },
    "name":"Cylinder21Geometry"
}